{"nwrmsle": 0.7531902990374519, "r2_score": -0.021982709306855197}