{"nwrmsle": 0.8253804537995155, "r2_score": -1.1230102458937377}