{"nwrmsle": 0.7760692836918662, "r2_score": 0.13559014380528522}